{
  "schema_version": 2,
  "estimator": "GradientBoostingClassifier",
  "calibrated_estimator": "CalibratedClassifierCV",
  "is_calibrated": true,
  "calibration_method": "isotonic",
  "random_state": 42,
  "n_features": 41,
  "feature_names": [
    "intent_override",
    "intent_exfiltrate",
    "intent_persistence",
    "intent_manipulation",
    "intent_code_injection",
    "intent_reconnaissance",
    "intent_privilege_escalation",
    "intent_denial_of_service",
    "authority_claim",
    "urgency_pressure",
    "fear_appeal",
    "scarcity_tactic",
    "social_proof",
    "leetspeak_ratio",
    "unicode_homoglyphs",
    "base64_encoding",
    "hex_encoding",
    "url_encoding",
    "html_entities",
    "mixed_scripts",
    "length_normalized",
    "question_density",
    "imperative_density",
    "punctuation_anomaly",
    "capitalization_anomaly",
    "whitespace_anomaly",
    "context_dependency",
    "topic_coherence",
    "reference_previous",
    "temporal_markers",
    "conditional_statements",
    "negation_density",
    "instruction_language",
    "sql_keywords",
    "script_tags",
    "file_operations",
    "network_operations",
    "system_commands",
    "code_patterns",
    "path_traversal",
    "injection_prefix"
  ],
  "feature_importance": {
    "f0": 0.05056038091024418,
    "f1": 0.04012354023407003,
    "f2": 0.010933470084265623,
    "f3": 4.554320925552408e-05,
    "f4": 0.017693216201306785,
    "f5": 0.009721714746099373,
    "f6": 0.03764128072590268,
    "f7": 0.0031983619192667984,
    "f8": 0.0,
    "f9": 0.0003294048998253441,
    "f10": 0.0013556782343366123,
    "f11": 8.599997065984624e-05,
    "f12": 5.480349776062616e-05,
    "f13": 0.017700612974186545,
    "f14": 0.004159039372135047,
    "f15": 0.0,
    "f16": 0.0,
    "f17": 0.0003508272678543209,
    "f18": 0.0,
    "f19": 0.0,
    "f20": 0.12727009551590526,
    "f21": 0.6035044343602506,
    "f22": 0.002448334455842932,
    "f23": 0.0009804906079951153,
    "f24": 0.004880533846257951,
    "f25": 0.00013193927379936838,
    "f26": 0.01636415392188675,
    "f27": 0.019080749852571844,
    "f28": 0.0,
    "f29": 0.006925365344987976,
    "f30": 0.0,
    "f31": 0.003393389116261929,
    "f32": 0.002129142848165158,
    "f33": 0.0032833339539883742,
    "f34": 0.0,
    "f35": 0.0,
    "f36": 2.9436053691379556e-05,
    "f37": 0.004320483440289686,
    "f38": 0.005639191940103683,
    "f39": 0.005665051220832682,
    "f40": 0.0
  },
  "training_history": [
    {
      "timestamp": 1778259551.933268,
      "duration_sec": 3.862,
      "estimator": "GradientBoostingClassifier",
      "calibrated": true,
      "train_samples": 29529,
      "val_samples": 6328
    }
  ]
}