{
  "schema_version": 2,
  "estimator": "GradientBoostingClassifier",
  "calibrated_estimator": "CalibratedClassifierCV",
  "is_calibrated": true,
  "calibration_method": "isotonic",
  "random_state": 42,
  "n_features": 41,
  "feature_names": [
    "intent_override",
    "intent_exfiltrate",
    "intent_persistence",
    "intent_manipulation",
    "intent_code_injection",
    "intent_reconnaissance",
    "intent_privilege_escalation",
    "intent_denial_of_service",
    "authority_claim",
    "urgency_pressure",
    "fear_appeal",
    "scarcity_tactic",
    "social_proof",
    "leetspeak_ratio",
    "unicode_homoglyphs",
    "base64_encoding",
    "hex_encoding",
    "url_encoding",
    "html_entities",
    "mixed_scripts",
    "length_normalized",
    "question_density",
    "imperative_density",
    "punctuation_anomaly",
    "capitalization_anomaly",
    "whitespace_anomaly",
    "context_dependency",
    "topic_coherence",
    "reference_previous",
    "temporal_markers",
    "conditional_statements",
    "negation_density",
    "instruction_language",
    "sql_keywords",
    "script_tags",
    "file_operations",
    "network_operations",
    "system_commands",
    "code_patterns",
    "path_traversal",
    "injection_prefix"
  ],
  "feature_importance": {
    "f0": 0.05063631861143851,
    "f1": 0.04028336168774053,
    "f2": 0.014452797054520612,
    "f3": 4.4184035730770924e-05,
    "f4": 0.01585605164408284,
    "f5": 0.009970783819630498,
    "f6": 0.03655953493793288,
    "f7": 0.004232593017523799,
    "f8": 0.0,
    "f9": 0.00038416997941930446,
    "f10": 0.002079822883670472,
    "f11": 0.000833297100298351,
    "f12": 0.000589923194157391,
    "f13": 0.017666321297182888,
    "f14": 0.004127014229951547,
    "f15": 1.4308615083784936e-06,
    "f16": 0.0,
    "f17": 0.00014573824366554398,
    "f18": 0.0,
    "f19": 0.0,
    "f20": 0.12688086206183713,
    "f21": 0.6053298369361556,
    "f22": 0.0026230233640447864,
    "f23": 0.0017965913160970272,
    "f24": 0.005046907693283369,
    "f25": 0.00018191015280278784,
    "f26": 0.015534417595056953,
    "f27": 0.016851307632633036,
    "f28": 0.0,
    "f29": 0.00391211992395083,
    "f30": 0.0,
    "f31": 0.0027941831425939696,
    "f32": 0.0025571129160884254,
    "f33": 0.0033693852686573042,
    "f34": 0.0,
    "f35": 0.0,
    "f36": 7.979042162314128e-06,
    "f37": 0.004065604434052208,
    "f38": 0.005236620070655599,
    "f39": 0.005921901937688974,
    "f40": 2.689391378526661e-05
  },
  "training_history": [
    {
      "timestamp": 1778260182.0509293,
      "duration_sec": 4.131,
      "estimator": "GradientBoostingClassifier",
      "calibrated": true,
      "train_samples": 29533,
      "val_samples": 6329
    }
  ]
}