{
  "schema_version": 2,
  "estimator": "GradientBoostingClassifier",
  "calibrated_estimator": "CalibratedClassifierCV",
  "is_calibrated": true,
  "calibration_method": "isotonic",
  "random_state": 42,
  "n_features": 40,
  "feature_names": [
    "intent_override",
    "intent_exfiltrate",
    "intent_persistence",
    "intent_manipulation",
    "intent_code_injection",
    "intent_reconnaissance",
    "intent_privilege_escalation",
    "intent_denial_of_service",
    "authority_claim",
    "urgency_pressure",
    "fear_appeal",
    "scarcity_tactic",
    "social_proof",
    "leetspeak_ratio",
    "unicode_homoglyphs",
    "base64_encoding",
    "hex_encoding",
    "url_encoding",
    "html_entities",
    "mixed_scripts",
    "length_normalized",
    "question_density",
    "imperative_density",
    "punctuation_anomaly",
    "capitalization_anomaly",
    "whitespace_anomaly",
    "context_dependency",
    "topic_coherence",
    "reference_previous",
    "temporal_markers",
    "conditional_statements",
    "negation_density",
    "instruction_language",
    "sql_keywords",
    "script_tags",
    "file_operations",
    "network_operations",
    "system_commands",
    "code_patterns",
    "path_traversal"
  ],
  "feature_importance": {
    "f0": 0.12529117710725482,
    "f1": 0.16666072774630056,
    "f2": 5.4760563940122035e-05,
    "f3": 0.0,
    "f4": 0.07334903216421708,
    "f5": 1.1010849633377715e-16,
    "f6": 0.05618962232117218,
    "f7": 2.1055712750723104e-05,
    "f8": 0.0,
    "f9": 0.0,
    "f10": 0.0041561612879467,
    "f11": 0.0,
    "f12": 0.001966825001401007,
    "f13": 0.02846642605539613,
    "f14": 0.0,
    "f15": 0.0,
    "f16": 0.0,
    "f17": 0.0,
    "f18": 0.0,
    "f19": 0.0,
    "f20": 0.390139040971937,
    "f21": 0.12423075674927549,
    "f22": 6.832691031082461e-05,
    "f23": 0.0,
    "f24": 0.0001460808178528163,
    "f25": 0.0,
    "f26": 0.0001276558546569134,
    "f27": 0.0006056469325955554,
    "f28": 5.4416282508869565e-05,
    "f29": 5.6245110209541276e-05,
    "f30": 0.0,
    "f31": 0.00019768266221797959,
    "f32": 0.0,
    "f33": 0.00039917448681187783,
    "f34": 0.004673955216819696,
    "f35": 0.0,
    "f36": 1.1049220570676863e-05,
    "f37": 0.013604771091184624,
    "f38": 0.009443604746588022,
    "f39": 8.580498608069178e-05
  },
  "training_history": [
    {
      "timestamp": 1777161611.7280116,
      "duration_sec": 0.542,
      "estimator": "GradientBoostingClassifier",
      "calibrated": true,
      "train_samples": 6781,
      "val_samples": 1453
    }
  ]
}