{
  "schema_version": 2,
  "estimator": "GradientBoostingClassifier",
  "calibrated_estimator": "CalibratedClassifierCV",
  "is_calibrated": true,
  "calibration_method": "isotonic",
  "random_state": 42,
  "n_features": 41,
  "feature_names": [
    "intent_override",
    "intent_exfiltrate",
    "intent_persistence",
    "intent_manipulation",
    "intent_code_injection",
    "intent_reconnaissance",
    "intent_privilege_escalation",
    "intent_denial_of_service",
    "authority_claim",
    "urgency_pressure",
    "fear_appeal",
    "scarcity_tactic",
    "social_proof",
    "leetspeak_ratio",
    "unicode_homoglyphs",
    "base64_encoding",
    "hex_encoding",
    "url_encoding",
    "html_entities",
    "mixed_scripts",
    "length_normalized",
    "question_density",
    "imperative_density",
    "punctuation_anomaly",
    "capitalization_anomaly",
    "whitespace_anomaly",
    "context_dependency",
    "topic_coherence",
    "reference_previous",
    "temporal_markers",
    "conditional_statements",
    "negation_density",
    "instruction_language",
    "sql_keywords",
    "script_tags",
    "file_operations",
    "network_operations",
    "system_commands",
    "code_patterns",
    "path_traversal",
    "injection_prefix"
  ],
  "feature_importance": {
    "f0": 0.049885961269991695,
    "f1": 0.03966282342180806,
    "f2": 0.015005472561393235,
    "f3": 6.414707384510686e-05,
    "f4": 0.017272148438731948,
    "f5": 0.010387569927181642,
    "f6": 0.03435512512558562,
    "f7": 0.0038282294888609273,
    "f8": 0.0,
    "f9": 0.0004000483425883431,
    "f10": 0.0019182556987259749,
    "f11": 9.816521078631209e-05,
    "f12": 0.0004426695771915938,
    "f13": 0.020256084637172128,
    "f14": 0.00386506612531956,
    "f15": 1.2651570921673487e-06,
    "f16": 0.0,
    "f17": 0.0003345513766621265,
    "f18": 0.0,
    "f19": 0.0,
    "f20": 0.11996190062874751,
    "f21": 0.6140392539600436,
    "f22": 0.0020407278267259065,
    "f23": 0.0,
    "f24": 0.0034200830394201273,
    "f25": 1.2241741726430579e-07,
    "f26": 0.018532874230507597,
    "f27": 0.017939499622441915,
    "f28": 0.0,
    "f29": 0.00485960005286495,
    "f30": 0.0,
    "f31": 0.0027422457204514306,
    "f32": 0.0021402521605027023,
    "f33": 0.003159533913255967,
    "f34": 0.0,
    "f35": 0.0,
    "f36": 2.5007822067589412e-05,
    "f37": 0.003427502027072748,
    "f38": 0.005738358486980215,
    "f39": 0.004174360264350265,
    "f40": 2.1094394213759894e-05
  },
  "training_history": [
    {
      "timestamp": 1777662316.6738987,
      "duration_sec": 3.25,
      "estimator": "GradientBoostingClassifier",
      "calibrated": true,
      "train_samples": 29369,
      "val_samples": 6294
    }
  ]
}