{
  "status": "ok",
  "samples": {
    "total": 42185,
    "holdout": 8437,
    "latency_sample": 300
  },
  "metrics": {
    "precision": 0.9672199170124481,
    "recall": 0.9464068209500609,
    "f1": 0.9567001846911553,
    "accuracy": 0.9499822211686618,
    "roc_auc": 0.9924199427516998,
    "brier": 0.0340176212129222
  },
  "latency_ms": {
    "avg": 1.4121097366633724,
    "p95": 1.6218444999765327,
    "max": 3.3806540000114182
  },
  "thresholds": {
    "min_precision": 0.94,
    "min_recall": 0.94,
    "max_p95_latency_ms": 25.0,
    "max_avg_latency_ms": 10.0,
    "decision_threshold": 0.5
  }
}